LisbonaSurf&YogaCamp,LisbonaSurf&YogaCamp,LisbonaSurf&YogaCamp,LisbonaSurf&YogaCamp
SurfCampPackAllInclusive7Notti
SurfCampPackAllInclusive7Notti
Sistemazione,Camera,BassaStagione,AltaStagione
SurfCampPackAllInclusive7Notti,SurfCampPackAllInclusive7Notti

Sistemazione,Camera,BassaStagione,AltaStagione,SURFHOUSE,CameraCondivisa,495€,580€

SURFHOUSE/SURFSUITE,CameraDoppia,565€,650€

SURFSUITE,DoppiaBagnoprivato,600€,685€

Sistemazione,Camera,BassaStagione,AltaStagione,Sistemazione,Camera,BassaStagione,AltaStagione,SURFHOUSE,CameraCondivisa,495€,580€,SURFSUITE,CameraTripla,555€,640€

SURFSUITE,CameraSingola,675€,760€

SURFHOUSE/SURFSUITE,CameraDoppia,565€,650€,SURFSUITE,CameraSingolaconbagno,745€,830€
